{
  "project_info": {
    "project_number": "749553647209",
    "firebase_url": "https://homeserviceprovider-db-default-rtdb.firebaseio.com",
    "project_id": "homeserviceprovider-db",
    "storage_bucket": "homeserviceprovider-db.appspot.com"
  },
  "client": [
    {
      "client_info": {
        "mobilesdk_app_id": "1:749553647209:android:fa31b4a6a94b30b690acf8",
        "android_client_info": {
          "package_name": "com.home.service.whatuwant"
        }
      },
      "oauth_client": [
        {
          "client_id": "749553647209-967mv2q3mrgp1v67frljcubr6403ep3p.apps.googleusercontent.com",
          "client_type": 1,
          "android_info": {
            "package_name": "com.home.service.whatuwant",
            "certificate_hash": "f5cbd225792c5c8354750c32f29f7b295bd39c75"
          }
        },
        {
          "client_id": "749553647209-mp9idial84mu7739gamm9gfna7prpcv0.apps.googleusercontent.com",
          "client_type": 3
        }
      ],
      "api_key": [
        {
          "current_key": "AIzaSyBJ7fpxI-mGm4nEFXwm1PKQQjeXW4rvHuo"
        }
      ],
      "services": {
        "appinvite_service": {
          "other_platform_oauth_client": [
            {
              "client_id": "749553647209-mp9idial84mu7739gamm9gfna7prpcv0.apps.googleusercontent.com",
              "client_type": 3
            }
          ]
        }
      }
    }
  ],
  "configuration_version": "1"
}